{
  "general": {
    "engines": 0,
    "volume": 0.24521072208881378,
    "useSoundMasterSource": false,
    "scanStepAmount": 100,
    "playSoundWithOffset": true
  },
  "dimensions": {
    "abyssalcraft": 1,
    "betweenlands": 1,
    "cave": 1,
    "end": 1,
    "galacticraft": 1,
    "galacticraft.planets": 1,
    "midnight": 1,
    "nether": 1,
    "surface": 1,
    "twilightforest": 1,
    "void": 1
  },
  "regions": {
    "abyssalcraft_dark": {
      "overall": 0.5017793774604797,
      "suspense.suspense": 0.5017793774604797
    },
    "end_unknown": {
      "overall": 0.5017793774604797,
      "suspense.suspense": 0.49822065234184265
    },
    "galacticraft_planets_wind": {
      "overall": 0.5032258033752441,
      "wind.light-wind": 0.5
    },
    "nether_suspense": {
      "overall": 0.495626837015152,
      "nether": 0.49854227900505066
    },
    "twilightforest_unknown": {
      "overall": 0.49822065234184265,
      "suspense.suspense": 0.49822065234184265
    },
    "void_dark": {
      "overall": 0.5017793774604797,
      "suspense.suspense": 0.49822065234184265
    },
    "beach": {
      "overall": 1,
      "beach": 1,
      "seagull": 0.25,
      "seagull-long": 0.25
    },
    "cave_ambience": {
      "overall": 0.4984423816204071,
      "cave": 0.5015576481819153,
      "cave-water": 0.4953271150588989,
      "cave-deep": 0.4953271150588989,
      "cave-large": 0.4984423816204071
    },
    "cave_deep-dark": {
      "overall": 0.49668875336647034,
      "deep-dark": 0.49668875336647034,
      "water-droplets": 0.49668875336647034
    },
    "cave": {
      "overall": 0.49854227900505066
    },
    "cave_lush": {
      "overall": 0.49695122241973877,
      "cave-lush": 0.5030487775802612,
      "frog": 0.25304877758026123
    },
    "cold_artic": {
      "overall": 1,
      "heavy-wind": 1
    },
    "cold": {
      "overall": 1,
      "wind.light-wind": 1
    },
    "desert": {
      "overall": 1,
      "cicadas-desert": 0.24916943907737732,
      "wind.light-wind": 1
    },
    "forest_cold": {
      "overall": 1,
      "crow": 0.19825072586536407
    },
    "forest": {
      "overall": 1,
      "bird-ambience": 0.1456310749053955,
      "owl": 0.25242719054222107
    },
    "forest_roofed": {
      "overall": 1,
      "bird-ambience-spooky": 0.11940298229455948
    },
    "grass": {
      "overall": 1,
      "cricket": 0.09967845678329468,
      "cricket-night": 0.19935691356658936,
      "cicadas-night": 0.19614148139953613
    },
    "highland": {
      "overall": 1,
      "heavy-wind": 1,
      "wind-in-leaves": 1
    },
    "jungle": {
      "overall": 1,
      "cricket-jungle": 1,
      "cricket-jungle-night": 1,
      "bird-ambience-jungle": 1,
      "bird-ambience-jungle-night": 1
    },
    "mesa": {
      "overall": 1,
      "wind-mesa": 1
    },
    "mushroom_fields": {
      "overall": 1,
      "cicadas-mushroom-fields": 0.197628453373909,
      "special-mushroom-fields": 0.19367589056491852
    },
    "ocean": {
      "overall": 1,
      "ocean": 1,
      "wind.light-wind": 1
    },
    "ocean_deep": {
      "overall": 1,
      "whale": 0.247813418507576
    },
    "plains": {
      "overall": 1,
      "cricket": 0.09967845678329468,
      "cricket-night": 0.20257234573364258,
      "cicadas-night": 0.19935691356658936
    },
    "rain": {
      "overall": 1,
      "rain": 1
    },
    "savanna": {
      "overall": 1,
      "cricket": 0.10211267322301865,
      "cicadas": 0.20070423185825348,
      "cicadas-desert": 0.20070423185825348,
      "cricket-warm-night": 0.2042253464460373,
      "wolf": 0.20070423185825348,
      "long-wolf": 0.2042253464460373,
      "bird-warm": 0.14788731932640076
    },
    "sky": {
      "overall": 1,
      "wind.light-wind": 1
    },
    "space": {
      "overall": 1
    },
    "storm_away": {
      "overall": 1,
      "storm-away": 1,
      "howling-wind": 1
    },
    "storm_close": {
      "overall": 1,
      "storm-close": 1,
      "wind": 1
    },
    "surface": {
      "overall": 1
    },
    "swamp": {
      "overall": 1,
      "cricket-swamp": 0.09507042169570923,
      "cricket-warm-night": 0.20070423185825348,
      "frog": 0.34859153628349304,
      "mouring_dove": 0.10211267322301865
    },
    "taiga": {
      "overall": 0.5017921328544617,
      "bird-ambience-huge": 0.24731183052062988
    },
    "underwater": {
      "overall": 1,
      "underwater": 1,
      "underwater-deep": 1
    },
    "underworld": {
      "overall": 1,
      "underworld": 1
    },
    "warden": {
      "overall": 1,
      "warden": 1
    }
  },
  "categories": {
    "animal": {
      "animal": 1,
      "bird": {
        "bird": 1,
        "bird_day": 1,
        "bird_night": 1
      },
      "cicadas": 1,
      "cricket": {
        "cricket": 1,
        "cricket_day": 1,
        "cricket_night": 1
      }
    },
    "cave": 1,
    "weather": 1,
    "wind": 1
  },
  "fade-volume": 0.005,
  "fade-pitch": 0.005,
  "silent-dimensions": []
}